{
  "tasks": [
    {
      "id": 1,
      "title": "Project Setup",
      "status": "done",
      "dependencies": [],
      "priority": "high",
      "description": "Set up the initial project structure and configuration",
      "details": "Create directory structure, initialize Git repository, set up basic configuration files",
      "testStrategy": "Verify all directories and files exist, confirm Git initialization",
      "acceptanceCriteria": [
        "Project directory structure follows Scotty standards",
        "Git repository initialized with appropriate .gitignore",
        "Configuration files present and correctly formatted"
      ]
    },
    {
      "id": 2,
      "title": "Core API Implementation",
      "status": "in-progress",
      "dependencies": [1],
      "priority": "high",
      "description": "Implement the core API functionality",
      "details": "Build RESTful API endpoints for user authentication, resource management, and basic CRUD operations",
      "testStrategy": "Write unit tests for all endpoints, verify with Postman collection, ensure all requirements are met",
      "acceptanceCriteria": [
        "All specified endpoints implemented and accessible",
        "Authentication works according to specifications",
        "Unit tests pass with >90% coverage",
        "API documentation up to date"
      ]
    },
    {
      "id": 3,
      "title": "Database Schema Design",
      "status": "pending",
      "dependencies": [1],
      "priority": "high",
      "description": "Design and implement the database schema",
      "details": "Create database models, migrations, and seed data based on requirements",
      "testStrategy": "Verify schema against requirements, test migrations both up and down, confirm seed data loads correctly",
      "acceptanceCriteria": [
        "Database schema matches architectural design",
        "Migrations work properly in both directions",
        "Indexes created for optimal performance",
        "Seed data properly configured for development environment"
      ]
    },
    {
      "id": 4,
      "title": "Frontend Authentication Components",
      "status": "pending",
      "dependencies": [2],
      "priority": "medium",
      "description": "Build frontend authentication components",
      "details": "Create login, registration, password reset, and user profile components",
      "testStrategy": "Write unit tests for components, perform manual testing of user flows, verify responsive design",
      "acceptanceCriteria": [
        "Users can register, login, reset password, and view/edit profile",
        "Form validation works correctly for all inputs",
        "Components are responsive across device sizes",
        "Authentication state persists across page reloads"
      ]
    },
    {
      "id": 5,
      "title": "Data Visualization Dashboard",
      "status": "pending",
      "dependencies": [2, 3, 4],
      "priority": "medium",
      "description": "Create data visualization dashboard",
      "details": "Build dashboard with charts, graphs, and filters for data analysis",
      "testStrategy": "Verify visualizations match design specs, test with various data sets, check performance with large data sets",
      "acceptanceCriteria": [
        "Dashboard displays all required visualizations",
        "Filters and controls work as specified",
        "Performance remains acceptable with large data sets",
        "Dashboard is responsive and accessible"
      ]
    }
  ],
  "metadata": {
    "lastUpdated": "2025-05-12T20:50:47-06:00",
    "version": "1.0.0",
    "projectName": "Example Project"
  }
}
